model;dataset;TR-TS-SupportVectorMachine-Accuracy-mean;TR-TS-RandomForest-Accuracy-mean;TR-TS-KNN-Accuracy-mean;TR-TS-DecisionTree-Accuracy-mean;TR-TS-NaiveBayes-Accuracy-mean;TR-TS-GradientBoosting-Accuracy-mean;TR-TS-StochasticGradientDescent-Accuracy-mean;TS-TR-SupportVectorMachine-Accuracy-mean;TS-TR-RandomForest-Accuracy-mean;TS-TR-KNN-Accuracy-mean;TS-TR-DecisionTree-Accuracy-mean;TS-TR-NaiveBayes-Accuracy-mean;TS-TR-GradientBoosting-Accuracy-mean;TS-TR-StochasticGradientDescent-Accuracy-mean;TR-TS-SupportVectorMachine-Precision-mean;TR-TS-RandomForest-Precision-mean;TR-TS-KNN-Precision-mean;TR-TS-DecisionTree-Precision-mean;TR-TS-NaiveBayes-Precision-mean;TR-TS-GradientBoosting-Precision-mean;TR-TS-StochasticGradientDescent-Precision-mean;TS-TR-SupportVectorMachine-Precision-mean;TS-TR-RandomForest-Precision-mean;TS-TR-KNN-Precision-mean;TS-TR-DecisionTree-Precision-mean;TS-TR-NaiveBayes-Precision-mean;TS-TR-GradientBoosting-Precision-mean;TS-TR-StochasticGradientDescent-Precision-mean;TR-TS-SupportVectorMachine-Recall-mean;TR-TS-RandomForest-Recall-mean;TR-TS-KNN-Recall-mean;TR-TS-DecisionTree-Recall-mean;TR-TS-NaiveBayes-Recall-mean;TR-TS-GradientBoosting-Recall-mean;TR-TS-StochasticGradientDescent-Recall-mean;TS-TR-SupportVectorMachine-Recall-mean;TS-TR-RandomForest-Recall-mean;TS-TR-KNN-Recall-mean;TS-TR-DecisionTree-Recall-mean;TS-TR-NaiveBayes-Recall-mean;TS-TR-GradientBoosting-Recall-mean;TS-TR-StochasticGradientDescent-Recall-mean;TR-TS-SupportVectorMachine-F1Score-mean;TR-TS-RandomForest-F1Score-mean;TR-TS-KNN-F1Score-mean;TR-TS-DecisionTree-F1Score-mean;TR-TS-NaiveBayes-F1Score-mean;TR-TS-GradientBoosting-F1Score-mean;TR-TS-StochasticGradientDescent-F1Score-mean;TS-TR-SupportVectorMachine-F1Score-mean;TS-TR-RandomForest-F1Score-mean;TS-TR-KNN-F1Score-mean;TS-TR-DecisionTree-F1Score-mean;TS-TR-NaiveBayes-F1Score-mean;TS-TR-GradientBoosting-F1Score-mean;TS-TR-StochasticGradientDescent-F1Score-mean
quantized;androcrawl;0,9366273352999016;0,9744837758112095;0,9371681415929203;0,7248279252704031;0,8616519174041297;0,8730088495575222;0,8987217305801376;0,8672074729596853;0,8668141592920355;0,8071288102261555;0,80929203539823;0,8002949852507374;0,8301376597836775;0,802802359882006;0,9266254078105292;0,9744639367580525;0,9628033782218315;0,6341133610355518;0,8026826087907784;0,893400431397698;0,8581795658998315;0,9220389144439902;0,9051985781795135;0,8741852738522524;0,8974304055845128;0,7994495702737473;0,9125207152331898;0,881791556944116;0,9503082938566809;0,9762215796403556;0,9144551947735422;0,6655630178236862;1,0;0,8494147636275843;0,9753428251106049;0,8164329071235796;0,8524390615224909;0,7757546939243285;0,8004129728703753;0,8712814342924968;0,8010492297801193;0,7901563550100703;0,9367108905267539;0,9745562680675904;0,9325299198880919;0,6477213518615395;0,8856464607107831;0,8497380171359824;0,9095602715790572;0,8592900686896844;0,8677235117806669;0,8027429146984227;0,8184940455729922;0,8217518491690063;0,8314203292154738;0,809842181185088
quantized;adroit;0,5065775570357252;0,5548491595973597;0,534221542028688;0,555139525233469;0,7080081024311571;0,6888515638034369;0,633273228181402;0,7422454728628448;0,7302546020012234;0,749114785867375;0,6843187583687335;0,757019148089683;0,7655211394738981;0,7731102170202389;0,2;0,6842696629213483;0,49803545268694105;0,5492193125422502;0,7665642898412977;0,6392882703586172;0,7243593168065152;0,760475133019415;0,7379760593189488;0,7954970132109269;0,6623189234992765;0,7913953352908135;0,77939799682675;0,8400020535707012;0,013412816691505217;0,13908368989909542;0,20221499373610144;0,523340727710776;0,5778908724832039;0,5607210832956004;0,5178299051832262;0,7916345486164175;0,8159455416245441;0,773719361743737;0,8634929076984076;0,7886258403176;0,7892010278707285;0,7599258074368487;0,025139664804469275;0,2285663830766457;0,27118680873494566;0,5111211563186461;0,6452467813741294;0,5932934317800446;0,5860072519590904;0,7601679409964472;0,7581272089108897;0,7628081815130802;0,7389665369618965;0,7719847546462437;0,7738458874632785;0,7768172219290903
quantized;android_permissions;0,4904078060593922;0,4885952537568671;0,5650525889323115;0,46767079927741906;0,5429655256655083;0,45422288785048853;0,46904512944471877;0,5077667286520344;0,5061132898297716;0,4876072509982527;0,49311291731060897;0,5126136354152677;0,4957027069472927;0,5041853248693338;0,44030326459242486;0,4776854378136476;0,5661902521755404;0,4693025454387724;0,4448366338068279;0,45511999140471493;0,46494230068776876;0,5032639502067614;0,5020360663262124;0,4987349522210641;0,4839373232964837;0,5158052785841767;0,4928094640935373;0,4984906022067957;0,34015134217819315;0,48971766019237484;0,5337873815108034;0,4811100575082758;0,46552098367194217;0,5549537089995454;0,4765391493420494;0,7388181071541677;0,724544171921482;0,5782949768280183;0,6604961818724663;0,8120948139132276;0,7116644894133688;0,6387539315538009;0,3615440115601223;0,4637942214485717;0,5474195242471238;0,47096334198962797;0,4478063512659599;0,48656454981358505;0,4385603877232123;0,5854493845245061;0,5640860960067052;0,48406538703507174;0,5203508774543307;0,6096818238663173;0,562818457909198;0,5183611626514943
quantized;drebin215;0,9066606660666068;0,8596759675967597;0,9176417641764176;0,603060306030603;0,5571557155715572;0,8615661566156614;0,8090009000900089;0,7954095409540953;0,7852385238523852;0,7844284428442844;0,6723672367236724;0,7533753375337533;0,6825382538253825;0,724932493249325;1,0;1,0;0,9367846768336964;0,6829302166440423;0,5711491442542787;0,9819883040935672;0,7590695927446494;0,7326557827978303;0,7235969268459088;0,7186420935194604;0,6540345905208711;0,7897971646644991;0,6500139434246016;0,8107374834755982;0,8127649274125617;0,7173778718920962;0,9109711798656115;0,604713962968428;0,12288093941656741;0,7343986478805951;0,6594089572359659;0,9434666123439722;0,9289581358032102;0,9401515524156787;0,7171362952304653;0,7604359556983671;0,8612769164217905;0,6078076620590871;0,8836012351835478;0,8082708848591805;0,9161193613842874;0,6097558763895373;0,19232296839862706;0,825517082102565;0,7008726557896381;0,8228379245609292;0,8120812084614221;0,8135193917650347;0,6783268597385457;0,704216265353519;0,7324500076798339;0,6547357898116317
quantized;kronodroid_emulator;0,7601500000000001;0,7833500000000001;0,7321;0,46369999999999995;0,6321;0,7011999999999999;0,6091;0,6721999999999999;0,6795500000000001;0,63975;0,6089500000000001;0,6403000000000001;0,60565;0,6627;0,7420178840955055;0,7743464587658788;0,7591548367962021;0,4314016342000134;0,42615518709374084;0,7194356894606121;0,6435179194443759;0,7190610429787123;0,7409651396791495;0,7579034139431317;0,6171507528901731;0,6285519739819961;0,6602945425868038;0,6367235836322227;0,8835275380207032;0,889826740127574;0,8029190948479611;0,4323591765045992;0,490880879886299;0,7700684617711785;0,5866721082790668;0,6584355889177465;0,6377655625855428;0,5778060665108945;0,7716614984345096;0,7775986836425817;0,6032564054800911;0,8845792201671866;0,7977385493262166;0,8155807576220295;0,7640147033868481;0,42621604979236916;0,450443170176253;0,7391966973671007;0,5770232932906333;0,6564243070687449;0,6310194810213773;0,5767771881595253;0,6552323732188412;0,6819066614723263;0,5745337190632731;0,7320748542257356
quantized;kronodroid_real;0,7961500000000001;0,8702;0,87035;0,70175;0,5685;0,7988;0,7392000000000001;0,8227;0,78625;0,7657999999999999;0,5857;0,6913;0,57455;0,7886;0,7439594763738577;0,8453862788492333;0,9213162533059904;0,7214973190839001;0,5544963782777497;0,7567119771034456;0,7033513035946687;0,8687329179801087;0,816205196503234;0,9149008539366813;0,6783596546849551;0,7005931366948824;0,6634291419932298;0,898183356489314;0,9501478796120459;0,9347384218633531;0,8141702317635309;0,6881029655323256;0,8655265481194514;0,9521388306168965;0,9035296258455853;0,7708004072598371;0,7894927234288147;0,5938051015522768;0,6226731502973558;0,8469693204813001;0,6780693530189246;0,6722970536347835;0,8296906570273688;0,8822801539225946;0,8632071056599182;0,6927659365701412;0,6714611869547961;0,8367992337647212;0,782654691422587;0,8094193778936092;0,7832530503549139;0,7121458633924469;0,5288516807003754;0,7386614789279373;0,5833319992979951;0,7538268516796207
wasserstein;androcrawl;0,9999016715830875;1,0;0,8971484759095378;0,9328416912487709;0,8183874139626353;0,9983775811209441;0,9187807276302852;0,8974926253687314;0,8865290068829891;0,8553588987217307;0,7983775811209439;0,8710914454277287;0,7833824975417898;0,8458702064896755;0,9998046875;1,0;0,9184798375398898;0,9195050088391279;0,8106359012687282;0,9967915990779476;0,8999352357592525;0,9584757127947359;0,9638807022046276;0,9555333812929601;0,8876588146111308;0,9461732905925568;0,845970879717426;0,9282567122506455;1,0;1,0;0,9328445747800587;1,0;0,99970703125;1,0;1,0;0,8327193891330191;0,8051114385862178;0,752812474866357;0,8030277638205116;0,7920742875256417;0,8293549695269764;0,7768200155449267;0,9999022960429897;1,0;0,9084542814102374;0,949612689044633;0,8757457041196224;0,9983888770550532;0,9386192176952001;0,8889037624633447;0,8738156980941735;0,8368538244029129;0,8131225363095972;0,857835307684885;0,8054015236778307;0,8322039336561534
wasserstein;adroit;0,6550170690075592;0,6515554614407268;0,6679238482697845;0,6359006361306827;0,5000013903326959;0,6888103885659038;0,6045961190467024;0,7385789516463678;0,7612559196088245;0,7611096138297462;0,7504330351604445;0,7602314583092699;0,7491145719700372;0,7672548843457094;0,9733527508090616;0,8415605678402512;0,8749636202371676;0,8452385650842528;0,5000013903326959;0,9696158594016367;0,6974309847071147;0,7553428582028966;0,7823286500633784;0,7828313441222816;0,7377744095064042;0,7883017825922108;0,7517555146863115;0,8011442829037513;0,3234371700375359;0,48152934121312063;0,4529275112129185;0,457117765856888;1,0;0,3947777741462066;0,3779832523540555;0,8011225822544847;0,7891534734478733;0,7809468341334345;0,8055074439556454;0,8027188627668007;0,7970724645919227;0,7759681074954295;0,3988125113873138;0,49897752351117164;0,509600432042291;0,4865939700823854;0,6665876408103607;0,4989849035623827;0,3945010776188552;0,7578970360924926;0,7697164400472009;0,7678705468440465;0,7640582143660521;0,7732796755762715;0,7616269382335439;0,7705635715082308
wasserstein;android_permissions;0,5748591900325708;0,5295250797957289;0,533104268189519;0,5318935733236827;0,5000004855646927;0,5499624673666386;0,57458378380839;0,5214855244819442;0,5246248671335675;0,5180137521025331;0,5300224497800923;0,507987918543488;0,5274894712124627;0,5402682593188589;0,568304861428847;0,5361249583821378;0,5729531109521495;0,5495703974639117;0,5000004855646927;0,537591799267126;0,5681689996162413;0,5362924885068507;0,5523849775068506;0,5110599542101636;0,5431308938672577;0,5509245656439979;0,5496444432282435;0,564441315017767;0,8488598947929491;0,7481427970538325;0,5738294108610178;0,7441664209995629;1,0;0,8774784968843085;0,8489713775131275;0,6473252578185515;0,3959475477979878;0,570316317720313;0,38100578099097987;0,361068550058057;0,40521333907813134;0,5744901416400751;0,6626635271595923;0,5877935509613186;0,5324442636843426;0,5913653855131276;0,6666502832604857;0,6549519643058707;0,6625663563751631;0,5480989131749162;0,4258938581727347;0,4998679122300825;0,43736198601874643;0,38425085172622636;0,43652305390864415;0,5275953977109887
wasserstein;drebin215;0,9922592259225922;0,9966696669666968;0,9504050405040504;0,7598559855985598;0,7049504950495049;0,9855085508550856;0,9353735373537354;0,7761476147614761;0,8179117911791179;0,7915391539153915;0,686048604860486;0,8198019801980199;0,7084608460846085;0,754995499549955;0,9998198198198198;0,9992837958818264;0,9991029640554249;0,9147067188631539;0,7032864890760893;0,9750975936028325;0,9902748124211112;0,754723530085621;0,8171673287520441;0,7779706941703936;0,7155973559320806;0,795837197458021;0,737710942731654;0,8291723915222289;0,9842210206150727;0,9939572603162261;0,8990086346564535;0,6251488826114782;0,9998181818181818;0,998789974070873;0,8771728897642601;0,848404718020593;0,8363235259588819;0,83218262570994;0,6829025677409467;0,8824602461750077;0,6959607305941102;0,6928413302728423;0,9917322807228889;0,9965884990760079;0,9369829556661309;0,6044677759623868;0,803180474967168;0,9862686813889798;0,9079723157469232;0,7907598543496113;0,8210907578520787;0,7962432504727778;0,662846712846376;0,8316035275654838;0,6888841616371048;0,7283884855199219
wasserstein;kronodroid_emulator;0,8050499999999999;0,8581999999999999;0,7900499999999999;0,84365;0,5;0,8269;0,7514000000000001;0,7577499999999999;0,7633;0,7641;0,70605;0,77535;0,7133499999999999;0,7682500000000001;0,9015415718979025;1,0;0,9606332905434318;0,9998986315255955;0,5;1,0;0,8197168909800052;0,8280821458034611;0,8367587182855379;0,8157034911582046;0,7776186146620376;0,821425987092482;0,7411478329148723;0,8235034988072668;0,806602082237972;0,7182265619860168;0,6276176821000874;0,6895647173203796;1,0;0,6533017949327934;0,8388411168470853;0,6739867831675669;0,6669321750756964;0,6902580250832231;0,6433312388108707;0,7067849938212433;0,7036721183518712;0,6914048595363687;0,7950865401615541;0,7840665886467544;0,6712990784114743;0,743865484301923;0,6666526022745077;0,6858908631269267;0,7499556831522389;0,7236718379599043;0,730010697707718;0,7407561590334826;0,6756138601331236;0,751834210778946;0,7045970013957463;0,7475028359107105
wasserstein;kronodroid_real;0,99825;0,99595;0,86255;0,7295;0,5182;0,8916999999999999;0,8522500000000001;0,8023;0,78985;0,7809;0,7454500000000001;0,7977000000000001;0,7735000000000001;0,7976500000000001;0,9984984318300161;0,9998997995991985;0,9010438413361168;0,965876315348653;0,6020096199816478;0,9142284569138276;0,8355122241319446;0,8502072466172874;0,8560011213725716;0,8749637203600583;0,7271932931939922;0,8581359780601716;0,7718829017550712;0,8278816048955135;0,9980089596814334;0,9920358387257341;0,772424924163304;0,45916949708789456;0,8286001003512293;0,9334992533598806;0,9811067914460596;0,7532184367649791;0,716795054696463;0,6851888053661005;0,827222961203889;0,7394189521683072;0,7867214429196144;0,7858469050043863;0,9982470029703212;0,995886911116289;0,8194385932381032;0,5200233230238522;0,5851336186625107;0,9055275662503807;0,8874244764941179;0,7940253882759617;0,7751394716207198;0,7569808905799873;0,766422557177294;0,7873860070120082;0,7723287037550424;0,7952911219331968
tvae;androcrawl;0,9602261553588989;0,9589478859390365;0,9345132743362832;0,9188790560471978;0,6246804326450344;0,9587512291052114;0,9298426745329401;0,9395771878072763;0,9398230088495575;0,9287118977384463;0,9239429695181908;0,8433136676499509;0,9420353982300884;0,8075712881022616;0,9829432439779591;0,981945490097095;0,940741921507837;0,9086035551204219;0,6990659045556462;0,9837223460546527;0,9396541672048944;0,9523611027186917;0,9566582012666718;0,9550875598717485;0,9160513482217238;0,7930990764535542;0,954198019539301;0,994904300482724;0,936565542204657;0,9348927624752561;0,9275526815465508;0,9369744454349591;0,851692006917238;0,9328426843912944;0,9277470206415936;0,9254489888150443;0,9207000312565979;0,8988186409770172;0,9324806692880896;0,9266347724493386;0,927928363045132;0,6168836062248011;0,9591038264876561;0,9577587286632054;0,9340250808954795;0,9214917777242275;0,7070940937766177;0,9575054288880495;0,9305840965168228;0,9383854675634945;0,9382610744377573;0,9260394146204263;0,9241523977346473;0,8546339934179477;0,9407926698762121;0,7445996262687211
tvae;adroit;0,8926338034796819;0,825945640130563;0,8088205914689185;0,6300541801956732;0,5001449154463824;0,8962903784699495;0,6583013556813272;0,8342590810114776;0,8399626535248143;0,8329435054351313;0,8346984261433882;0,7358281249331571;0,8377718100420521;0,7575970986965096;0,9718410465350903;0,8292417360342803;0,7781947748880507;0,6079799705495518;0,2;0,9348320608062831;0,9690522243713733;0,9199219991979011;0,9172512485309292;0,9189683367503843;0,9018620313163161;0,7498912702023788;0,9092418066123807;0,8053931659158836;0,8091368067546038;0,8571232528502506;0,8721330352362149;0,8570183547453357;0,00028169014084507044;0,8550087587806321;0,34943551177063253;0,7449765961593977;0,7616445898117465;0,7443637040805016;0,7650509758433583;0,8336274523572225;0,762768476904001;0,5674906964334093;0,8803304574287688;0,8365202453071262;0,8214302414529394;0,7024258576875548;0,0005625879043600563;0,8890950618132546;0,36412886407177303;0,8227572528761714;0,831162784457246;0,8215700640217319;0,8270793230312812;0,7729793225695308;0,8292217324239285;0,6500778296061582
tvae;android_permissions;0,5089787588207758;0,5305728828810373;0,4963095565959791;0,49873219058717677;0,4999444180165744;0,5238503459269088;0,5179051221764223;0,5200512877706739;0,5619693290027031;0,5374030786318912;0,5543128235359276;0,5190048048143739;0,5636771814183497;0,5563516186374903;0,24823066737707253;0,5305914229922236;0,4985442611307659;0,46283595032188385;0,0;0,6365122307804875;0,3573970854065336;0,5406255418076383;0,5543364948759122;0,5323807230336983;0,5477431556660325;0,5209452667147042;0,5575542864863161;0,5508196470533109;0,21702838063439067;0,5972783843843288;0,4774062836082285;0,3982444571923851;0,0;0,13522235554619313;0,18395537124258904;0,5416865174456085;0,6127390714731258;0,5750454531120285;0,6026346294404903;0,583502051982453;0,6205701627606778;0,635895408476891;0,1654491138456776;0,5272061766784997;0,47695996425759873;0,3779986117942974;0,0;0,18244592761777723;0,15779651875379122;0,44708050730988136;0,578585854874354;0,5473548602027292;0,5687219353550625;0,4494282485132266;0,5776374280260625;0,578849077927518
tvae;drebin215;0,922952295229523;0,8941494149414941;0,8878487848784878;0,8380738073807381;0,5004500450045005;0,9034203420342035;0,873087308730873;0,9493249324932492;0,9385238523852385;0,9216921692169218;0,8776777677767775;0,7744374437443744;0,9367236723672366;0,9321332133213321;0,9488887197419047;0,8764222989540116;0,874021517417914;0,8442316717728353;0,2;0,8775486290331223;0,9619167545576222;0,9704913563692867;0,9410098101386165;0,931800562606881;0,8782277739201474;0,704266483398903;0,9397045923167051;0,9636987171063833;0,894363556610681;0,91798482917553;0,9067840203177535;0,8315768319760058;0,0009017132551848512;0,938746456888526;0,7786126705913954;0,9281770982475053;0,9374313382046265;0,9125215501267905;0,8808912217439069;0,958070405923757;0,9351278282514327;0,9008539691909541;0,9205443206954455;0,8964763738637302;0,8899588630555237;0,8365295502758036;0,001795332136445242;0,9067822951135704;0,8585808157838908;0,9488008606846584;0,9391446144919854;0,9218705036365155;0,8793690009930566;0,8115220566808465;0,937344890773154;0,9305507389371309
tvae;kronodroid_emulator;0,8248;0,7960499999999999;0,78365;0,7331;0,50135;0,7817000000000001;0,7753;0,87395;0,8647500000000001;0,8383999999999998;0,8085500000000001;0,7006;0,87835;0,7848499999999999;0,7775964095610794;0,7363198798873956;0,7531442547274269;0,6941732234993566;0,5006825211629022;0,716732386695371;0,8945935311270874;0,8609733317429697;0,854764603771329;0,8575596619441997;0,8000827972627219;0,8141306441950386;0,8856400805512589;0,9519714829276813;0,9119175005745257;0,9273636567959944;0,8467239536204243;0,843065647233544;0,9993039733212749;0,9342508861110487;0,6391209218682213;0,8893905261454258;0,8760719770043833;0,8082360205843899;0,8186487415469044;0,513483180374972;0,8663829236580808;0,600998098216674;0,8389344234358097;0,82031245043698;0,7966278126608706;0,7596064791069633;0,667100452899658;0,8108017243352554;0,7295292479406232;0,8748143914833234;0,8650738215803386;0,8320744935873631;0,8090562066619011;0,6287414185463367;0,8758308673559754;0,7207881404843551
tvae;kronodroid_real;0,8566500000000001;0,85175;0,8318000000000001;0,7321500000000001;0,50315;0,8545;0,8355;0,9029999999999999;0,90205;0,8708500000000001;0,85265;0,8145;0,9065999999999999;0,6997000000000001;0,8116285782427353;0,801226152331733;0,8178788118848546;0,6974363575663598;0,501587261970665;0,8151846037840438;0,882334080450085;0,8942852382929903;0,8998840178941527;0,9037685697608957;0,8451847993903288;0,8573324912989542;0,9143698359526322;0,9966085023744349;0,9381874341535518;0,9383121959827582;0,8544749821296678;0,8619863495277642;0,9989935615194059;0,9261056787737811;0,80232629449624;0,9120822869076222;0,9026957767105808;0,8275090796231434;0,8604016832695786;0,7541039546770781;0,895548089611039;0,3952547435969877;0,8684633002879009;0,8638155981729652;0,8355130462856397;0,7652747244181687;0,6678345009018937;0,8649559126000417;0,826748388526741;0,9030343060306354;0,9012786172535063;0,8638942420463793;0,8526383057215259;0,8001404948109438;0,9047370976250348;0,5616641321123469
copula;androcrawl;0,5965585054080629;0,6052605703048182;0,6029006882989185;0,5714355948869223;0,5212389380530974;0,5861848574237956;0,5938544739429695;0,8962143559488691;0,860275319567355;0,7025565388397247;0,6848082595870209;0,6199115044247787;0,9014749262536874;0,6047689282202556;0,6181792989548897;0,6299162225429479;0,6254037933486191;0,5868384708516688;0,5370154627715529;0,6160645326475683;0,6058683973250516;0,9012352960513134;0,8504149374130534;0,7022777934783384;0,6812904123301712;0,602638426415117;0,9064272064522145;0,9868844912631649;0,5073266522621414;0,512418665314492;0,5146426424282031;0,49449957112770104;0,7495889661910086;0,4656896830014148;0,5575459033059935;0,8886191601702798;0,8727816299895578;0,6981590012439189;0,6902389163459226;0,7226643805361614;0,8944636609522606;0,20697625998963667;0,5568152930973067;0,5646215277381957;0,5644157206210366;0,5338339562717953;0,5807626665859262;0,5281235713492214;0,5754680802156165;0,8947513439670916;0,8612825316638967;0,6999348360761165;0,6852668214303576;0,5920359944160951;0,90020395072686;0,33315058472281955
copula;adroit;0,5570544411504256;0,6397039446947044;0,6478974961177634;0,5247213987174717;0,5013153616790086;0,6395588153509841;0,5781255748490954;0,8208024786423508;0,8016383466591377;0,7770590827226564;0,7922737073114389;0,6866906659479716;0,8111487570425698;0,8150975157963185;0,9071720819847687;0,7091738128930309;0,6866506843943474;0,5331979711006354;0,26;0,7179096530455022;0,6910996076640629;0,9132621543862541;0,8854090113707892;0,8479295503127501;0,8433980317616386;0,7035030390001212;0,9005099645037005;0,9404225785843764;0,12551096738515916;0,48050384971867527;0,5505563046832662;0,6341977701626599;0,004397064239490714;0,46851829130085865;0,30642481636334734;0,7258323228504482;0,7128102375542398;0,7344725010563813;0,7373423676199431;0,6159961055808028;0,714780327322686;0,6875757268906726;0,20765185520465992;0,5661453004605733;0,609945676048528;0,5707356907061789;0,008628651613726241;0,5515561381618352;0,349557989022313;0,8065410414295086;0,7875685129360059;0,7759207489617641;0,7854385065781166;0,6165051800149401;0,7957366654255985;0,7932054462831662
copula;android_permissions;0,5043519039067472;0,49878865265660793;0,4974106352324223;0,4968049994954679;0,49972400199385003;0,5063341914171888;0,5034704370765061;0,5109623057646392;0,49818280448510033;0,4946563757299593;0,4947668265236679;0,4981825465288573;0,5255602164708095;0,5166349608096183;0,4097176308539945;0,4984445057107674;0,49744921743563053;0,5025722688845919;0,15;0,4904396420626401;0,39933677957111835;0,5054066065234014;0,49147849734903487;0,49091733625569434;0,4875118668934707;0,476234129060392;0,5220167190906618;0,5148738027043054;0,2106829470021691;0,5120854459388269;0,49285130050478454;0,44740098595916555;0,00033444816053511704;0,1372657599210755;0,24280477539114892;0,76120041981456;0,419942369960968;0,467416751513391;0,39718347218112754;0,40928968718216396;0,4621875761662394;0,7542365294842961;0,15437079256305283;0,45538359764367986;0,4911299650526673;0,43266571253996056;0,000667408231368187;0,1848167059168194;0,20901671570304475;0,5813750723917687;0,4452496561547596;0,4750791782680775;0,4287593175531839;0,31997186834765146;0,470507351427084;0,5956854504267276
copula;drebin215;0,6902790279027903;0,7070207020702071;0,6774977497749776;0,5963096309630963;0,5;0,6978397839783979;0,6318631863186319;0,8641764176417641;0,8322232223222322;0,7504950495049505;0,7318631863186318;0,6829882988298829;0,8452745274527451;0,78010801080108;0,7958295174355916;0,7644987461799351;0,679982021461277;0,610283921450202;0,0;0,7129012634746399;0,747276101924483;0,8121846412376446;0,7723789012963451;0,714355127533581;0,7163717831569253;0,6441258683679744;0,7894405462362105;0,7775047879564561;0,5128067711648147;0,5995716706717003;0,6717031775738087;0,5304429428933974;0,0;0,6644266854867358;0,4103991826604364;0,9554076702357726;0,9482671009659722;0,8444791743468052;0,7888973695256818;0,7864282734838166;0,94986975726546;0,8815482232701864;0,6226121711184915;0,6715280912762907;0,6755461256751026;0,5669732277020569;0,0;0,6869396607581455;0,5222426210379698;0,8773705900541563;0,8512747461272291;0,7735711774931082;0,7494512484224432;0,6565499857755278;0,8617317355700097;0,7943322545163959
copula;kronodroid_emulator;0,6198499999999999;0,6144499999999999;0,6264;0,55565;0,5000500000000001;0,60225;0,5938;0,8242999999999998;0,8109999999999999;0,6754;0,7177999999999999;0,5691999999999999;0,82405;0,5739000000000001;0,5777668131589415;0,5709337381551564;0,5983429604949825;0,5434239779350576;0,5000559950233324;0,5635357560905017;0,5748225098997906;0,8604818177440838;0,8594098453296052;0,728824967797007;0,7764556590564161;0,6658550869623102;0,8804841327721225;0,9442587918473798;0,8931896922703775;0,9243027698873434;0,77172066110349;0,6987219346571829;0,9959604232945836;0,9090873952636815;0,7570310824056296;0,7705821008146032;0,7394953696365956;0,5523912455697542;0,6045853965725015;0,4771034839797833;0,7460571246503352;0,1459491601242141;0,7014925159207366;0,7057576420644407;0,6736486990493905;0,6108985678681359;0,6657750595148618;0,6956742020686019;0,6471581907234333;0,8128497381751234;0,7947976656999515;0,6267371320301385;0,6790538987422052;0,4382367811483728;0,8076957944483831;0,22922757233622146
copula;kronodroid_real;0,6165;0,6197;0,6689;0,5721;0,503;0,63555;0,62585;0,8611000000000001;0,82765;0,75965;0,7737499999999999;0,6744;0,8477;0,5213;0,5711216564634123;0,5715285503073082;0,6278275260392954;0,5537477472675963;0,5015086072089955;0,5873802866511183;0,6265344091090392;0,925611511921379;0,9159648455350448;0,8823649533188005;0,8341558919273766;0,7241107960123647;0,9247102420976872;0,7958904109589041;0,9480612753501054;0,9581380830669837;0,8321559703396051;0,7545317516028158;0,9952621202035383;0,9243912375157113;0,7231841686511011;0,7826025439604771;0,7181012302263865;0,5949566278122566;0,6778915496130857;0,7149861107726473;0,75392895156651;0,03404937420850388;0,7122244250580803;0,7158969773570727;0,7154383235696005;0,6369232637889746;0,6669289344421278;0,7174363111199371;0,6509265943473662;0,84802652062509;0,8050002786608266;0,7097498744984803;0,747799867704437;0,6597498741493051;0,8305959109049363;0,06395607440619201
ctgan;androcrawl;0,6633235004916421;0,6905604719764012;0,69960668633235;0,6561946902654867;0,5740412979351033;0,667305801376598;0,654621435594887;0,8573254670599804;0,8507866273352999;0,7921828908554571;0,7019174041297935;0,6686332350049164;0,8502458210422812;0,5515732546705998;0,6454831443724001;0,6716964624074878;0,6856135168955977;0,6471058847725668;0,616514412025724;0,6567150662966258;0,6284892980429138;0,9184418197933162;0,9237149311457978;0,8695751483129965;0,7331629683189529;0,7366973885526895;0,9264066601636862;0,9967229457782988;0,7632057825105447;0,7986701391595119;0,7799270855568607;0,727552501937289;0,795429663450525;0,7360663744106308;0,7841484354171844;0,7860462381588279;0,7653515750968116;0,6843863070615525;0,6309722562968437;0,5639690692017755;0,7621929685012584;0,09743907887504327;0,695695631814584;0,723956011979982;0,7229526882307434;0,6810091713593908;0,6403488280662056;0,6897869069459174;0,6956307478978536;0,8443458764818164;0,8342764449329783;0,7616350572455156;0,6770806746761091;0,5868118639889941;0,8334108905114073;0,1701909750257497
ctgan;adroit;0,5634814144603156;0,604729056242166;0,617017351352045;0,5472268210149857;0,49985230388822577;0,5981460448243261;0,5687610424500656;0,8099758509905586;0,6932272616435016;0,7074226654175062;0,6660155631703008;0,5468151755883246;0,7867139807577955;0,7040513225272399;0,6517115331132203;0,6534061205394971;0,6445398828995071;0,5661971629000349;0,19629629629629627;0,6462598836378671;0,6529458363934069;0,9411762540753233;0,7060948017063827;0,7465237184986929;0,6952663663959975;0,46339330798927214;0,8632379280691908;0,6479319110006813;0,1456988608356246;0,42432436590578426;0,5139762971300579;0,5817758811070026;0,004688185054628997;0,4926047872499001;0,3058916447410217;0,6755690529718791;0,564536764130159;0,5821612240612366;0,6137782694067228;0,5366842105047216;0,7050266046884621;0,5791983404895175;0,21247282259609457;0,4830162858276905;0,5659835494787677;0,5520196726455636;0,009073957941385508;0,5283520566766684;0,3445838121886579;0,7860822278348775;0,6173025777586268;0,6368409060537565;0,6486919351021828;0,43355770107323616;0,7736030696997356;0,6070636246185148
ctgan;android_permissions;0,5028647102961716;0,4931136001359581;0,4990646506627579;0,49840235559571583;0,49933853949727364;0,4962541111776234;0,5055637823365221;0,5026434445352349;0,49867874812317864;0,5052894989806934;0,49746518539087575;0,49669538326607504;0,49592369957808985;0,496199773453723;0,3085658064878844;0,4548854416055277;0,49790025358403583;0,5000651705678711;0,2887955182072829;0,49385355365131167;0,46301105368726275;0,4455022327936004;0,49609113048767306;0,499892479430208;0,49264043545903424;0,4542162234550454;0,47653798765893757;0,478797375797188;0,20222287786633047;0,36893316675527255;0,4669369643199108;0,43179924816798365;0,003531802949446651;0,22657357950974993;0,21337036699825437;0,5022128984229013;0,510185903361202;0,5860038460685463;0,5115907234323368;0,4062612891988316;0,48326106174028743;0,3860163963961327;0,13923004507680786;0,37007588822321524;0,48012251517727267;0,4472461518047471;0,006924331068507069;0,2642088916563485;0,16423223356370414;0,3955607201249326;0,5001424402318362;0,5376094620887046;0,4987654847557194;0,3052154879524823;0,4300910759748892;0,33919780292697926
ctgan;drebin215;0,6986498649864986;0,729072907290729;0,6811881188118811;0,6432043204320432;0,49990999099909994;0,7171917191719173;0,6724572457245725;0,7482448244824482;0,7463546354635464;0,716021602160216;0,6421242124212422;0,7405040504050406;0,7254725472547254;0,5723672367236724;0,7457686422936449;0,7440757826099968;0,7011663565241432;0,6632697154653152;0,0;0,7168780527590026;0,7211919024002575;0,7014688428500966;0,69967250512448;0,67254281939988;0,637211969560477;0,68600788462509;0,6832565948175466;0,5437259358736037;0,6114442135335206;0,6995397592959796;0,6366573114826055;0,5860031810552022;0,0;0,7236035729118638;0,5783419000837028;0,8750577137460072;0,8749325601273649;0,8563689722494028;0,6811725550331298;0,9037807340573927;0,852460773401727;0,994151538624029;0,6661868708492781;0,7191318107222445;0,6640687408125985;0,6192707732035976;0,0;0,7185729863068433;0,6339996873143934;0,7781673734890621;0,7771880699221486;0,7532346328111081;0,6581165600882628;0,7789914599139453;0,7583747335958246;0,7024946562250893
ctgan;kronodroid_emulator;0,57965;0,5902999999999999;0,5938000000000001;0,5499499999999999;0,49770000000000003;0,57115;0,5476500000000001;0,7188;0,7007;0,59575;0,5944;0,59555;0,71975;0,5549499999999999;0,5649996863953992;0,5722104786826689;0,595169093173117;0,550848752843234;0,49890021151022523;0,5506204095632381;0,5445607501818148;0,7489029959130813;0,731860052783303;0,6140086367641076;0,6029878528172532;0,7298138359392479;0,7652041147603326;0,8566687732078957;0,7332872515459895;0,7679577586682175;0,618653774169845;0,5940358003677766;0,9820975441031103;0,8143644402077712;0,6769743995250568;0,6932984258320845;0,6642532487203803;0,5101567803444624;0,554530330046651;0,2923613686141412;0,6711546258954878;0,1289705635548168;0,6309918005870123;0,651694632555114;0,5996622872240632;0,5672956197818535;0,6615327617328947;0,6547097320166877;0,5945778854731758;0,705936856583868;0,6828928483953327;0,5543270363757025;0,5759541208870427;0,4047034586813803;0,698593350352624;0,1965737730348887
ctgan;kronodroid_real;0,65525;0,6662;0,68605;0,57645;0,50195;0,6608;0,66385;0,7788;0,7696;0,6761;0,6805;0,7308999999999999;0,7677499999999999;0,55145;0,6257120235368826;0,6304267942571273;0,6688648447524864;0,5605000418229521;0,5009489834555204;0,6465768666030552;0,6571612607659357;0,8369038175851639;0,8411760435462524;0,7724827261366798;0,7029557577733799;0,8357375356176122;0,8295220647737434;0,9620491813598411;0,8437996802842598;0,8496250811232209;0,766633252696067;0,7746139086325832;0,9889674358151901;0,816576967160415;0,727995185192414;0,701865681277528;0,6709039592441163;0,5110401011425377;0,6237176823140334;0,5743416933118912;0,6796721878739287;0,09963654439893387;0,7116476938445068;0,7192032760616971;0,709555002492168;0,6469447312043035;0,6649835244368651;0,7064324834041059;0,6818257342703464;0,7532578868349609;0,7366942142633699;0,6052714084292059;0,6564183062063356;0,6755618521104598;0,7374021025903235;0,16488638687825885
adversarial;androcrawl;0,982694198623402;0,9830875122910522;0,9737463126843657;0,9679941002949853;0,9074237954768929;0,9823500491642084;0,9812684365781712;0,9299901671583088;0,907276302851524;0,8720747295968536;0,9043756145526057;0,8207472959685349;0,9210914454277287;0,9174041297935103;0,9900070034460524;0,9903217693932966;0,9760715049269371;0,9617008146427601;0,8954620839716521;0,9899191200792817;0,9856297732471042;0,9718203490892359;0,9636807688237085;0,9784645770306127;0,9236383912948153;0,8479077845654155;0,9467408722125177;0,9491711228994669;0,9752190321428327;0,9757158838337652;0,9712906656057786;0,9747979585117228;0,984537626926328;0,9746300307213437;0,9767759299411868;0,8857035407423636;0,8465925288926334;0,7607106009548869;0,8813863161386735;0,7862389062728689;0,8924465889980336;0,8827826475335208;0,9825429885202455;0,982944022811601;0,9736517185890344;0,9681762885339316;0,9284094481795433;0,9821918527558585;0,9811763890979884;0,9267040826841729;0,9009383993960445;0,8558067340742264;0,9019802117329231;0,8140004686084893;0,9186637071586237;0,9141614530680642
adversarial;adroit;0,5049724714126208;0,5250121921482566;0,5231108587122524;0,5313015225212506;0,5080453205679402;0,510969831919472;0,534524955402405;0,5839954525425977;0,5889736991833401;0,6131112651171944;0,539664480635874;0,6728948224010404;0,6076938872418794;0,6104300619874484;0,7528011204481793;0,6052333252951854;0,5839810580303214;0,605636071355397;0,5043046474692747;0,6947567328552282;0,665527135027135;0,5323742343065065;0,5389767498443512;0,5625206180586566;0,47259195685464606;0,6826154550234802;0,5566162591957772;0,5848878462474189;0,016664255777100012;0,1428513589408729;0,15954516731856888;0,18565327746881835;0,9726940334679363;0,03929369914439999;0,23468071800064685;0,6462874509662087;0,6296077368272421;0,7637668143014262;0,45459804244295554;0,5032256368215464;0,639745264294789;0,7869515511283914;0,03245903027434492;0,22938482917587072;0,2429137376504306;0,28131678555759343;0,664052860114546;0,07433634660396805;0,26774736417958744;0,572236096922918;0,5718972872179469;0,6417476359824482;0,44822599860371265;0,5529611480298633;0,5845120893032693;0,6660343706296035
adversarial;android_permissions;0,5707285063650703;0,5532110013785485;0,5161400034748223;0,5501265123633117;0,5006064399534769;0,571114302687373;0,5582237133104663;0,5824053509229143;0,5608666267593184;0,5516670422206087;0,5497396235204504;0,5117336859746915;0,5818002007506526;0,5798168207196525;0,5630209066143411;0,5490959445809547;0,5163543017737311;0,5485725460117872;0,5003115930284442;0,561722128623755;0,5474750008282573;0,5921638145511043;0,562357679576732;0,5498018203752677;0,5520319362325294;0,5158545984260704;0,5867381510020924;0,5941552296022659;0,6295061509025667;0,5955935681063911;0,4833104737753799;0,5649568623910519;0,9978103347213304;0,643290882025662;0,6938414554410052;0,5293915324621163;0,5500312595160675;0,5712320458756118;0,5257639031613374;0,58389060820348;0,5530091596976303;0,5045386711927039;0,5939184341234994;0,5712111083883713;0,4974724841194111;0,5565251738103095;0,6664345200371575;0,5991144885248213;0,6088924001400791;0,5590152310216394;0,55547540922939;0,5568670918449131;0,537702948953301;0,4563252488381145;0,5691755780386696;0,5429120768899437
adversarial;drebin215;0,7636363636363636;0,736993699369937;0,6882088208820882;0,717911791179118;0,6117911791179118;0,7616561656165617;0,792079207920792;0,9186318631863186;0,8946894689468946;0,8912691269126913;0,8216921692169217;0,7471647164716472;0,9024302430243025;0,9206120612061206;0,960062466344444;0,9341613093283361;0,8816764582716642;0,8591973994316019;0,5640245555026673;0,9399623961507453;0,9166473686172949;0,8893321677280653;0,8520117524072143;0,8541678441422847;0,7950350557535352;0,6922611006686877;0,8638850474526784;0,8897384881228027;0,5496029886787561;0,5093447596042007;0,4348958764034376;0,5212610237643605;0,9875221453723503;0,5587035176317738;0,6454965264314441;0,9572472044107471;0,9556596761441988;0,9453771614810362;0,8667659978658243;0,8907477672313686;0,9564056927215528;0,9605930811352085;0,6983140919433526;0,6582148619256885;0,5820613238246835;0,6467722004041738;0,7178884277610997;0,6993411153241147;0,755047003824979;0,9216628610878544;0,9006722223287319;0,8968864166462922;0,8285762844803829;0,7788297387410789;0,9074359187941339;0,923590768371146
adversarial;kronodroid_emulator;0,76745;0,7589;0,7131000000000001;0,74915;0,5439;0,76445;0,7859499999999999;0,8202;0,8068500000000001;0,7998000000000001;0,76205;0,67265;0,83635;0,81175;0,9463716612035343;0,9355273036633228;0,9306782514761431;0,8978919658543891;0,5747672158280679;0,9371441442507618;0,9208404893559148;0,7594401027429929;0,7393731501188652;0,7459819493226519;0,7367293697357258;0,6286366620794708;0,7934089427543363;0,7840887506034353;0,5668064489750883;0,5560564318721617;0,4602524421132449;0,5621536528586084;0,899880533889973;0,566609756872484;0,6293540568697097;0,9411757050787877;0,9512526149055152;0,9112468120250679;0,8159792253864235;0,8475156839367017;0,9132498210193292;0,8708801638306841;0,7072340821985487;0,6958944755426429;0,6137120015706125;0,6903796687676038;0,6624635597555818;0,7043362270333218;0,7399731179142484;0,8400393949725586;0,8315888471770941;0,8200336295381409;0,7739727119107305;0,7211008674011039;0,8483099356450475;0,8230887550860378
adversarial;kronodroid_real;0,81525;0,7939;0,73295;0,7705500000000001;0,6365000000000001;0,818;0,79925;0,8356;0,8233499999999999;0,8428999999999999;0,7093999999999999;0,69305;0,8243500000000001;0,75365;0,9467553542745801;0,931615258129735;0,9204051743606311;0,8757450558584751;0,8603403521062691;0,9334271142413021;0,9251679448381915;0,7709622265010986;0,7582984003230712;0,8021844938476352;0,6810756685981953;0,6488638453683595;0,7650566891507424;0,7052194541006169;0,6682892532271565;0,6345815940907062;0,5101959052122431;0,6310143789420082;0,37077205659625484;0,6848272488331759;0,6654310999384815;0,9562756490783617;0,9505899442912048;0,9111193465587727;0,7931376338384346;0,8465053863756502;0,9405544180547283;0,9205111873947077;0,7828218717192242;0,7544321540436003;0,6552986500278237;0,7331202483305999;0,45369728627037337;0,7899535072003646;0,7543002957073538;0,853413715486754;0,8434033930237632;0,8530083506047305;0,7318926840102401;0,7341186972261998;0,8430850374537726;0,7920732269751928
variational;androcrawl;1,0;1,0;1,0;1,0;0,9006882989183873;1,0;1,0;0,8449852507374631;0,8373647984267454;0,8424287118977384;0,776991150442478;0,844788593903638;0,8593411996066862;0,8500491642084562;1,0;1,0;1,0;1,0;0,9006882989183873;1,0;1,0;0,955857004031729;0,945619087537187;0,9491486829893228;0,7862020744420035;0,938544559747481;0,9508846369341789;0,910718705018537;1,0;1,0;1,0;1,0;1,0;1,0;1,0;0,7267382800687318;0,7191724123967658;0,7235580659666012;0,7715445044637941;0,7392385393393823;0,7595623967605099;0,7762095784590292;1,0;1,0;1,0;1,0;0,933943754087639;1,0;1,0;0,8235603850923795;0,8157134597194095;0,8211339536473675;0,7681587440526414;0,8262120032632565;0,8436355115780954;0,8380879806600113
variational;adroit;1,0;1,0;1,0;1,0;0,5000013903326959;1,0;1,0;0,8253376369477705;0,8259228600640837;0,826069272791831;0,8205098670841944;0,8248988265592047;0,8259230739614214;0,8288487617483113;1,0;1,0;1,0;1,0;0,5000013903326959;1,0;1,0;0,9687527661719402;0,971157895571379;0,9743809717857674;0,9380111865061647;0,9695537847822402;0,9723592299182569;0,956792731504958;1,0;1,0;1,0;1,0;1,0;1,0;1,0;0,6723385470322508;0,6717653117019013;0,6696860482792708;0,6938924536419477;0,670841949614263;0,6708780657004739;0,6887333265362662;1,0;1,0;1,0;1,0;0,6665876408103607;1,0;1,0;0,7937060240273432;0,7941109457250363;0,7937202472087754;0,7943845282110109;0,7929107237143098;0,7938805048501782;0,8008972661927849
variational;android_permissions;0,5984850836802466;0,5984850836802466;0,5964467741433765;0,5984850836802466;0,5000004855646927;0,5984850836802466;0,5984850836802466;0,5495736059172127;0,5663183043473973;0,5634024428456216;0,5495736059172127;0,5788251913997389;0,5495736059172127;0,5304088530582609;1,0;1,0;0,7000826218672542;1,0;0,5000004855646927;1,0;1,0;0,5559663957892325;0,5766995187290684;0,5751960811866669;0,5559663957892325;0,594068583231;0,5559663957892325;0,5367414962091266;0,19921153119713692;0,19921153119713692;0,39484442620097926;0,19921153119713692;1,0;0,19921153119713692;0,19921153119713692;0,7002497541813206;0,6001399846972371;0,6005014865927979;0,7002497541813206;0,4982450198894407;0,7002497541813206;0,8001976147405869;0,21631751692115292;0,21631751692115292;0,34108439606670204;0,21631751692115292;0,6666502832604857;0,21631751692115292;0,21631751692115292;0,5933517721793934;0,5691742552162539;0,5679794179743395;0,5933517721793934;0,54188384144968;0,5933517721793934;0,6166510103937445
variational;drebin215;1,0;1,0;0,9999099909990999;1,0;0,5;1,0;1,0;0,7709270927092708;0,7608460846084608;0,7707470747074707;0,7232223222322233;0,771017101710171;0,7945994599459946;0,5912691269126912;1,0;1,0;1,0;1,0;0,5;1,0;1,0;0,7240738586718105;0,7123915839540992;0,7159516520718858;0,6869489776807329;0,7181921402945748;0,7380454583948971;0,857954875569247;1,0;1,0;0,9998203054806829;1,0;1,0;1,0;1,0;0,8756540090691125;0,8759491319508745;0,8979509142269502;0,8113369948195996;0,8922455424052256;0,9130992464460315;0,23013670404501574;1,0;1,0;0,9999101123595505;1,0;0,6665837398066197;1,0;1,0;0,7925940519629219;0,7854892535657075;0,7965821083047093;0,7391414915239205;0,7957327085518866;0,8161415290769028;0,3567204796785971
variational;kronodroid_emulator;0,99985;0,9100999999999999;0,57995;0,81715;0,6003499999999999;0,99985;0,9172;0,7955500000000001;0,799;0,7968499999999998;0,66765;0,7979999999999998;0,8023999999999999;0,79175;1,0;1,0;0,4;0,8;0,6003499999999999;1,0;1,0;0,7823305200690468;0,7760143629405882;0,7810482846981058;0,6653798324316194;0,7821222692705387;0,7895126841234972;0,7669098809552576;0,9997045790251107;0,8178325930387704;0,15839065483500475;0,631466678251803;1,0;0,9997045790251107;0,8320575202015814;0,8202028470956924;0,841675945931368;0,8251865668685989;0,685867118902002;0,8271662071792292;0,8260278943221666;0,8458312542127778;0,9998521803399851;0,848194484570705;0,22048928495334802;0,6552520870616234;0,7336307434391999;0,9998521803399851;0,8555483828716308;0,8003305027832532;0,8072808947074617;0,8024221092220134;0,6711820049292506;0,8036277367955759;0,8068134763161801;0,8020250934085759
variational;kronodroid_real;1,0;1,0;0,8984500000000001;1,0;0,6004499999999999;1,0;0,79985;0,8086;0,8077;0,8082;0,69465;0,8096500000000001;0,8059000000000001;0,8048;1,0;1,0;0,8;1,0;0,2;1,0;0,6;0,8437499428523643;0,8388810451123708;0,8497155595894366;0,6957937560555878;0,842248954967158;0,844510716417848;0,8219743913467747;1,0;1,0;0,8;1,0;0,2;1,0;0,6;0,7575949989933962;0,7626239707053388;0,7495762268108835;0,6934063793029893;0,7622992250018289;0,7507064820229907;0,7785282245148555;1,0;1,0;0,8;1,0;0,2;1,0;0,6;0,798276290225167;0,7983582179045987;0,7961285326109746;0,6901532575056134;0,8001410428825448;0,794282359740788;0,7994578633748705
diffusion;androcrawl;1,0;1,0;1,0;1,0;0,9006882989183873;1,0;1,0;0,8581120943952802;0,8571779744346116;0,8530481809242871;0,8001474926253687;0,8526548672566371;0,8542772861356933;0,842969518190757;1,0;1,0;1,0;1,0;0,9006882989183873;1,0;1,0;0,9380533161917975;0,9545917398472472;0,940107727852111;0,8399556652937472;0,9415188829586079;0,9620508749127122;0,9354496871296764;1,0;1,0;1,0;1,0;1,0;1,0;1,0;0,7700008508728222;0,7511360781312887;0,7552108655251614;0,7727421516290722;0,7530714453157812;0,7383565271463906;0,7404781272531434;1,0;1,0;1,0;1,0;0,933943754087639;1,0;1,0;0,8440510295913674;0,83998112483047;0,8367977040767804;0,7885856870677246;0,8362164867647532;0,8348425506068115;0,8235142476085671
diffusion;adroit;1,0;1,0;0,9550841258229699;1,0;0,5000013903326959;1,0;0,9997073884418434;0,8275322236339446;0,8251915450660302;0,8257766612336743;0,8006211578690692;0,8265081901290656;0,8265081901290656;0,8278246212947634;1,0;1,0;0,9396263520157326;1,0;0,5000013903326959;1,0;1,0;0,973101106438724;0,9703048282677059;0,9731669120715283;0,8736277932619659;0,9708678096787129;0,9704653978604096;0,9582071586619595;1,0;1,0;1,0;1,0;1,0;1,0;0,9993975903614458;0,6739029157491505;0,6708780657004739;0,6699775934687752;0,7313364617376573;0,6732877042546909;0,6735857668478354;0,6856347349869705;1,0;1,0;0,9644470179502026;1,0;0,6665876408103607;1,0;0,9996983408748115;0,7960506509054242;0,7931738106531301;0,7935198863934241;0,7870578347978924;0,7949899516582587;0,7950663180714169;0,7992347147524557
diffusion;android_permissions;0,7894098643984726;0,7894098643984726;0,6990080368543603;0,7894098643984726;0,5000004855646927;0,7894098643984726;0,7479887682817005;0,5706165381816968;0,5788251913997389;0,5663183043473973;0,5788251913997389;0,5788251913997389;0,5788251913997389;0,5792107601135918;1,0;1,0;0,7001101928374656;1,0;0,5000004855646927;1,0;0,9000826218672543;0,5910341798261993;0,594068583231;0,5766995187290684;0,594068583231;0,594068583231;0,594068583231;0,5942372747194142;0,5808986087360424;0,5808986087360424;0,6015303788885364;0,5808986087360424;1,0;0,5808986087360424;0,6977945911245949;0,45819917958972667;0,4982450198894407;0,6001399846972371;0,4982450198894407;0,4982450198894407;0,4982450198894407;0,4997817926666087;0,6916396796691775;0,6916396796691775;0,577681814515548;0,6916396796691775;0,6666502832604857;0,6916396796691775;0,7076280829641215;0,5143637974954278;0,54188384144968;0,5691742552162539;0,54188384144968;0,54188384144968;0,54188384144968;0,5428704082851787
diffusion;drebin215;1,0;1,0;0,9513051305130513;1,0;0,5;1,0;1,0;0,7744374437443744;0,7831683168316832;0,7756075607560756;0,6575157515751575;0,7765976597659766;0,7918091809180917;0,7035103510351035;1,0;1,0;1,0;1,0;0,5;1,0;1,0;0,7277906247497367;0,7256879351581956;0,7205152937684806;0,6444509252419122;0,7271347248818386;0,7316537465306315;0,7337861509635186;1,0;1,0;0,9023164868432575;1,0;1,0;1,0;1,0;0,877012510535482;0,9105388205650808;0,9000603618265494;0,707360873331693;0,8855893156118582;0,9222938019379374;0,6473835991803459;1,0;1,0;0,9422459898156248;1,0;0,6665837398066197;1,0;1,0;0,7950879536841426;0,8075169923771732;0,8002269683688521;0,672614482906513;0,798424035782988;0,8158334374243006;0,6454506386255592
diffusion;kronodroid_emulator;0,9993000000000001;0,98655;0,7061499999999999;0,8408000000000001;0,6003000000000001;1,0;0,88095;0,7952;0,7925;0,7929999999999999;0,7082499999999999;0,7874999999999999;0,8008;0,7545499999999999;1,0;1,0;0,8;1,0;0,6003499999999999;1,0;1,0;0,7572474115933258;0,7563407773220151;0,7771893080830088;0,7015882168587145;0,7502737388377672;0,7747854798039283;0,7288714280480658;0,9985811903528475;0,9729999056419883;0,410652189633321;0,6791220961852411;0,9998996487706975;1,0;0,7618925874184242;0,869310985244326;0,8637875605161138;0,8224884815340505;0,7281601483737612;0,8625214909130203;0,8484813611944612;0,8512694531704369;0,9992884024836204;0,9857757063812326;0,49748952371768473;0,7300533393760127;0,7335805552334282;1,0;0,8050441611818571;0,8092880813142529;0,80625660320298;0,7987898336738277;0,7102269586077623;0,8022152587635721;0,8096367419288285;0,7777400307555128
diffusion;kronodroid_real;1,0;1,0;0,9001000000000001;1,0;0,6036499999999999;1,0;0,9048999999999999;0,80275;0,80175;0,78365;0,71605;0,7935999999999999;0,7989;0,7844;1,0;1,0;1,0;1,0;0,4;1,0;1,0;0,8221856778886332;0,8204600630280516;0,8078658997980053;0,7074603839025945;0,8167835747503943;0,8130607771182798;0,7808239847363769;1,0;1,0;0,8032478537555114;1,0;0,20649087221095336;1,0;0,8071017299841896;0,7736502997181393;0,7742578541365275;0,7452597705977904;0,7370871377185817;0,7580477781942973;0,7775716947979605;0,7975463949360363;1,0;1,0;0,8065358185372972;1,0;0,21257367387033396;1,0;0,8139897186667635;0,796633139161289;0,7963740262812985;0,7748707743098794;0,7176843273483765;0,7858832224150863;0,7942066868526279;0,7867040821438838
autoencoder;androcrawl;0,8183382497541789;0,8021140609636184;0,7990658800393313;0,8014749262536872;0,7518682399213373;0,8092428711897739;0,8155850540806293;0,7254178957718781;0,7688790560471978;0,7925762045231071;0,7586037364798426;0,7529498525073747;0,7603736479842674;0,757866273352999;1,0;0,9703557661560384;0,9988713318284426;0,8543013021144077;0,9187119234116624;1,0;1,0;0,6774103869699329;0,7094146084386993;0,7489668518277907;0,7023551085089015;0,6757273627952015;0,6945876678700789;0,7033918135269618;0,6339946715571658;0,6027024722336438;0,5964121508537654;0,6152655999172024;0,6387947912748233;0,6158845111319219;0,6284733576222741;0,9724126457694929;0,9666881950065094;0,9357003324040818;0,9314667931081766;0,9852695448747106;0,9603841765900821;0,9638204859080787;0,6996443520656837;0,6732150549423158;0,6683971219790801;0,6885791730825083;0,651669985982607;0,6882491629869406;0,694916131959795;0,7900326403613389;0,8129831729080923;0,8246767250326659;0,7980409940165695;0,8006110337398773;0,8035973364007643;0,8067848215908613
autoencoder;adroit;0,4999986096673041;0,5029242974541939;0,4978040229811301;0,5023395021325565;0,5004403076699308;0,4999986096673041;0,5013153616790086;0,6059002511154746;0,6158510761175067;0,6635467600970237;0,6221422246178724;0,6436723820035336;0,6184844731922466;0,617167828129211;0,0;0,64;0,2;0,4329411764705883;0,5002689269728865;0,0;0,16;0,5659683432504685;0,5772717242235966;0,6241116577618346;0,5865198701536687;0,6046442415485626;0,5812613100319467;0,5892457095323367;0,0;0,00784792823122261;0,005109451892075343;0,00694722304814874;0,9980281690140845;0,0;0,003498542274052478;0,9512708437036306;0,9202229885966521;0,8891660098913737;0,8965381774925056;0,9160069920449325;0,9081845552117616;0,912759999022895;0,0;0,015455897700890443;0,009642672067660101;0,013635036972303907;0,6663557533237484;0,0;0,0068473609129814554;0,7082689410478908;0,7067990586624803;0,7284673191743286;0,7047696364013024;0,7235723945098137;0,7054826922587902;0,7088681406983348
autoencoder;android_permissions;0,5369604560666377;0,5435705089249068;0,5269891271443561;0,5431848491676738;0,5000004855646927;0,5475385891159157;0,5396068898595126;0,5576733864267978;0,560702854892785;0,5363006646925428;0,5632366073291438;0,5328867807288479;0,5607583610067274;0,5488050025302473;0,5795432752116413;0,5923505702864217;0,5194743672166069;0,5918764278923547;0,5000004855646927;0,5895796226920026;0,5331779787168639;0,5707404290468682;0,5668454032829237;0,5587016026696788;0,5718302352265556;0,5626085034293886;0,5653223901029863;0,5555115240643312;0,45325752468254193;0,3828893570279305;0,5982312853608533;0,3820198883846335;1,0;0,49823638503228135;0,8187739815780051;0,5355418147255767;0,522597129322692;0,37123573454415887;0,5168320015422715;0,3697877329853185;0,5308587859497165;0,5990370340420174;0,4331788693131813;0,41440501683656333;0,5348489608656687;0,41364697710738474;0,6666502832604857;0,46541918853137065;0,6354683316029371;0,5374508019471544;0,5428865748959486;0,4308242995688528;0,5402979760935063;0,3838768432299823;0,5465630815181453;0,5618106278900518
autoencoder;drebin215;0,8105310531053105;0,8349234923492348;0,644014401440144;0,8508550855085508;0,5171017101710171;0,857965796579658;0,8334833483348335;0,5450045004500449;0,8256525652565256;0,7976597659765976;0,6648064806480647;0,7747974797479747;0,7200720072007201;0,8441044104410441;0,9993325917686319;0,9969342508730019;0,9508888283766013;0,9809161361282929;0,5092554618924351;0,9991310910791734;0,9837939622444761;0,7622920412325832;0,8943121181476179;0,8435779573967279;0,6736940873409663;0,8681997538940948;0,725864545738327;0,9061163434356357;0,6215321670143285;0,6733890437842123;0,2944720725609547;0,7195531437708148;1,0;0,7177628146767785;0,68331155335265;0,2834252002654583;0,7543586907810982;0,7778263174011808;0,6188526907500117;0,6447778536395541;0,7528287285162202;0,7747170233591525;0,7300158229111777;0,7897586580362893;0,41223170132260256;0,8206349677048692;0,6745979693876082;0,8266289578690407;0,780321152101639;0,27758549499546004;0,8026190815864762;0,7876320159486563;0,6295512811299526;0,7247709453892792;0,7175081043720216;0,8273254949684441
autoencoder;kronodroid_emulator;0,6376000000000001;0,61615;0,59615;0,6874;0,5193999999999999;0,683;0,63945;0,73385;0,7323500000000001;0,7826500000000001;0,72305;0,6809999999999999;0,7246499999999999;0,7139;0,9985148514851485;0,9945887445887447;0,9789998708496409;0,9116172142829742;0,5889158764310636;0,9998622589531682;0,9645523215962337;0,670355687984213;0,6703028786964331;0,7442325149362695;0,6681766606615029;0,6165280749301537;0,6642168587978582;0,6515306678391065;0,2757748385290297;0,23496714583651984;0,19898226628846463;0,43573453316852256;0,8378324134470647;0,365634135228475;0,28658919308683417;0,945043621589021;0,9449842630290508;0,8734152744859864;0,9178401244018467;0,975275038565368;0,9431118956957366;0,9486853375058907;0,38389173002038135;0,33662561506606564;0,2946316632175886;0,5546504655976967;0,5970922334345101;0,4940033982447181;0,4268191293719642;0,7819375831703684;0,7812476948874585;0,8012935621241384;0,7702258784368426;0,75449760975172;0,7763018711832925;0,7702291531774804
autoencoder;kronodroid_real;0,6495;0,61095;0,5864499999999999;0,6205499999999999;0,51435;0,6582999999999999;0,69505;0,66075;0,76005;0,8006500000000001;0,6999000000000001;0,6275499999999999;0,74075;0,71865;1,0;0,9900193763649107;0,9760588905848484;0,9744239733840869;0,8;1,0;0,9890621373649584;0,6008109459632329;0,6874202614641748;0,7891678530362876;0,6379767663317246;0,5747114058684547;0,6653726941465468;0,6501125986219108;0,29686389167554283;0,22063986509407424;0,17308984265406405;0,24753417747858028;0,028670969051637924;0,31458627130332767;0,39443947481054037;0,9886869600029323;0,9634889246506215;0,8380450710274083;0,9394350905223355;0,9901584357565097;0,9727880488732203;0,9780295683014041;0,4005352038081539;0,3170778559259762;0,26383657458146653;0,3684075927886324;0,05386041181856351;0,433962775389152;0,523301520754756;0,7461010590743784;0,8013278668216138;0,8076190743674869;0,7590592460473955;0,7269821143443663;0,789852985131964;0,7788260293051226
